{"current":{"color_text":"#030000","link_color_text":"#000000","menu_color_text":"#050000","color_body_text":"#000306","color_sale_text":"#ff0000","color_button":"#d9b061","color_button_text":"#fff","color_small_button_text_border":"#ffffff","color_text_field_text":"#000","color_text_field_border":"#b7aeae","color_text_field":"#fff","color_image_overlay_text":"#fff","color_image_overlay":"#ffffff","image_overlay_opacity":0,"color_borders":"#e8e9eb","color_body_bg":"#fff","type_header_font":"geometric_415_n6","type_header_base_size":27,"bold_main_menu":false,"type_base_font":"geometric_415_n4","type_base_size":16,"type_bold_product_titles":false,"share_image":"","share_facebook":true,"share_twitter":true,"share_pinterest":true,"social_twitter_link":"","social_facebook_link":"","social_pinterest_link":"","social_instagram_link":"","social_tumblr_link":"","social_snapchat_link":"","social_youtube_link":"","social_vimeo_link":"","favicon":"shopify:\/\/shop_images\/Favcon.png","enable_ajax":true,"checkout_header_image":"","checkout_logo_image":"shopify:\/\/shop_images\/Lighting_Accent_Logo.png","checkout_logo_position":"left","checkout_logo_size":"medium","checkout_body_background_image":"","checkout_body_background_color":"#fff","checkout_input_background_color_mode":"white","checkout_sidebar_background_image":"","checkout_sidebar_background_color":"#fafafa","checkout_heading_font":"Lato","checkout_body_font":"Lato","checkout_accent_color":"#d9b061","checkout_button_color":"#d9b061","checkout_error_color":"#e32c2b","footer_link_color":"#e8e9eb","sections":{"header":{"type":"header","settings":{"logo_svg":"","logo":"shopify:\/\/shop_images\/Hart_Accents_Logo_d2282fcb-e184-4837-9f43-2ddb92ed4d37.png","logo_max_width":130,"contact_text":"(888) 406-6668","phone_text":"Call us!","hours_text":"Everyday 10am -10pm ET","main_linklist":"main-menu","message":false,"home_page_only":false,"message_text":"Free Shipping. Always.","message_link":"","color_bg":"#091357","color_text":"#ffffff"}},"footer":{"type":"footer","blocks":{"link_list":{"type":"link_list","settings":{"title":"Meet Hart Accents","menu":"meeting-hart-accents"}},"1566317717526":{"type":"link_list","settings":{"title":"Customer Service","menu":"customer-service"}},"24df09af-17a3-4b2c-bd3e-7f4762442364":{"type":"text","settings":{"title":"Contact us","text":"<p><a href=\"tel:(888) 406-6668\" title=\"tel:(888) 406-6668\">(888) 927-9272<\/a><\/p><p>care@hartaccents.com<\/p><p>Everyday 10am-10pm ET <\/p><p>1201 Seven Locks Rd Ste 388, Rockville, MD, 20854<\/p>","footer_page_max_width":"75"}}},"block_order":["link_list","1566317717526","24df09af-17a3-4b2c-bd3e-7f4762442364"],"settings":{"show_payment_icons":true,"color_footer_bg":"#1e1e1e","color_footer_text":"#ffffff"}},"cart-template":{"type":"cart-template","settings":{"cart_ajax_enable":true,"cart_notes_enable":false}},"1566322970694":{"type":"collection-list","disabled":true,"blocks":{"1566322970694-0":{"type":"featured_collection","settings":{"collection":"chandeliers"}},"1566322970694-1":{"type":"featured_collection","settings":{"collection":"pendant"}},"cc099549-0daa-4d49-8ac8-91f2cfc78281":{"type":"featured_collection","settings":{"collection":"flush-mount"}},"7fd2d117-593e-42d6-a5a7-31d8e56ba69e":{"type":"featured_collection","settings":{"collection":"wall-lights-1"}},"28e02d6a-5eaf-476c-8e70-7ec1178e2ed9":{"type":"featured_collection","settings":{"collection":"table-floor-lamps"}},"e5496ac0-54e4-42a2-a93f-eff9292cf528":{"type":"featured_collection","settings":{"collection":"chandel-air"}}},"block_order":["1566322970694-0","1566322970694-1","cc099549-0daa-4d49-8ac8-91f2cfc78281","7fd2d117-593e-42d6-a5a7-31d8e56ba69e","28e02d6a-5eaf-476c-8e70-7ec1178e2ed9","e5496ac0-54e4-42a2-a93f-eff9292cf528"],"settings":{"title":"Shop by Categories","grid":3}},"1566323001256":{"type":"newsletter","settings":{"section_title":"GET 10% OFF YOUR FIRST PURCHASE!","subheading":"","show_background":false}},"product-template":{"type":"product-template","blocks":{"5584e1c7-12a7-401e-b55a-de479ffb840c":{"type":"gurantee_badges","settings":{"img_badge":"shopify:\/\/shop_images\/ezgif.com-gif-maker_16.png"}},"04813e7d-b964-42b5-a5cc-d314fcca9f73":{"type":"gurantee_badges","settings":{"img_badge":"shopify:\/\/shop_images\/ezgif.com-gif-maker_17.png"}},"84cf388b-1796-44ab-8809-232689ed0063":{"type":"gurantee_badges","settings":{"img_badge":"shopify:\/\/shop_images\/ezgif.com-gif-maker_18.png"}},"6a6f7c69-b8b6-4b96-8444-377da46002ae":{"type":"gurantee_badges","settings":{"img_badge":"shopify:\/\/shop_images\/ezgif.com-gif-maker_19.png"}}},"block_order":["5584e1c7-12a7-401e-b55a-de479ffb840c","04813e7d-b964-42b5-a5cc-d314fcca9f73","84cf388b-1796-44ab-8809-232689ed0063","6a6f7c69-b8b6-4b96-8444-377da46002ae"],"settings":{"image_size":"medium","show_quantity_selector":true,"show_variant_labels":true,"show_vendor":true,"enable_zoom":true,"enable_payment_button":true,"show_share_buttons":false,"expiring_coupon_text":"","expiring_day":"2","show_eta":false,"early_delivery":"3","late_delivery":"5","country_eta":"*ETA to USA Only","shipping_text":"","product_page_max_width":"100","product_reviews_enable":true,"shipping_txt":"FREE SHIPPING","gurantee_title":"Guaranteed Safe Checkout","img_norton":"shopify:\/\/shop_images\/new-norton-seal1.png"}},"product-recommendations":{"type":"product-recommendations","settings":{"show_product_recommendations":false,"heading":"You may also like","show_vendor":false}},"collection-template":{"type":"collection-template","blocks":{"1566330921963":{"type":"tag-list","settings":{"title":"Collections","tags":"Balance Light"}},"1566331128738":{"type":"vendors","settings":{"title":"Brands"}},"9aa6dd95-ba87-4330-bd68-7726f710e3ea":{"type":"menu","settings":{"menu":""}}},"block_order":["1566330921963","1566331128738","9aa6dd95-ba87-4330-bd68-7726f710e3ea"],"settings":{"layout":"grid","grid":3,"rows":8,"show_collection_image":false,"show_vendor":true,"sort_enable":true,"tags_enable":false,"show_sidebar":true}},"recently-viewed-products":{"type":"recently-viewed-products","settings":{"show_recently_viewed_products":false,"title":"Recently Viewed Products"}},"1620693651b611cdc4":{"type":"collection-list","disabled":true,"blocks":{"1620693651b611cdc4-0":{"type":"featured_collection","settings":{"collection":"modern-contemporary"}},"ff36b1f8-e49c-42da-a743-14835f8ea3ae":{"type":"featured_collection","settings":{"collection":"craftsman-mission"}},"76b231ff-80b0-4b87-b67a-2e3895150067":{"type":"featured_collection","settings":{"collection":"tiffany"}},"1620693651b611cdc4-2":{"type":"featured_collection","settings":{"collection":"transitional"}},"1620693651b611cdc4-1":{"type":"featured_collection","settings":{"collection":"rustic-farmhouse"}},"1fc8154e-d5b1-49e5-8088-ab14617761bc":{"type":"featured_collection","settings":{"collection":"classic"}}},"block_order":["1620693651b611cdc4-0","ff36b1f8-e49c-42da-a743-14835f8ea3ae","76b231ff-80b0-4b87-b67a-2e3895150067","1620693651b611cdc4-2","1620693651b611cdc4-1","1fc8154e-d5b1-49e5-8088-ab14617761bc"],"settings":{"title":"Shop by Style","grid":3}},"list-collections-template":{"type":"list-collections-template","settings":{"display_type":"all","sort":"alphabetical","grid":3}},"1630435785949ce0c8":{"type":"feature-row","settings":{"image":"shopify:\/\/shop_images\/Pompidou_3_Candle_Plastic_Candelabra_1.jpg","img_link":"shopify:\/\/collections\/modern-glam","layout":"right","title":"Shop Modern Glam","text":"<p><br\/>Discover our stunning collection of modern glam luxury styles that you can't find anywhere else! <\/p><p><br\/><\/p>","button_label":"Shop Now","button_link":"shopify:\/\/collections\/modern-glam"}},"16304489401171d8f7":{"type":"feature-row","settings":{"image":"shopify:\/\/shop_images\/How_To_Style_A_Coffee_Table_Coffee_Table_Styling_Ideas_Shop_in_LuxDeco_ba4250f0-d4b7-4885-ac86-55abd1f6d578.jpg","img_link":"shopify:\/\/collections\/all-about-table-styling","layout":"right","title":"All about Table Styling","text":"<p><br\/><\/p><p>Our editors' picks from all our favorite brands. Find that perfect finishing touch to create your favorite coffee table look. <\/p><p><br\/><\/p><p><\/p><p><\/p><p><\/p><p><\/p><p><\/p><p><\/p><p><\/p><p><\/p>","button_label":"Shop Now","button_link":"shopify:\/\/collections\/all-about-coffee-table"}},"1630451735ca4628bf":{"type":"feature-row","settings":{"image":"shopify:\/\/shop_images\/Blossom_Ceramic_Vases_Set_Of_3.jpg","img_link":"shopify:\/\/collections\/vases-jars","layout":"left","title":"Discover natural forms and organic earthenware.","text":"<p><br\/><\/p>","button_label":"Shop Vases & Jars","button_link":"shopify:\/\/collections\/vases-jars"}},"16304588797c539b18":{"type":"feature-columns","disabled":true,"blocks":{"16304588797c539b18-0":{"type":"text_block","settings":{"enable_image":true,"img_link":"","title":"","text":"","button_label":"Copper","button_link":"shopify:\/\/collections\/copper"}},"16304588797c539b18-1":{"type":"text_block","settings":{"enable_image":true,"img_link":"","title":"","text":"","button_label":"Glass","button_link":"shopify:\/\/collections\/glass"}},"16304588797c539b18-2":{"type":"text_block","settings":{"enable_image":true,"img_link":"","title":"","text":"","button_label":"Bronze","button_link":"shopify:\/\/collections\/bronze"}}},"block_order":["16304588797c539b18-0","16304588797c539b18-1","16304588797c539b18-2"],"settings":{"title":"Shop by Finish","align_text":"center"}},"1630459683e5e4d275":{"type":"feature-columns","disabled":true,"blocks":{"1630459683e5e4d275-0":{"type":"text_block","settings":{"enable_image":true,"img_link":"shopify:\/\/collections\/modern-contemporary","title":"","text":"","button_label":"Modern & Contemporary","button_link":"shopify:\/\/collections\/modern-contemporary"}},"1630459683e5e4d275-2":{"type":"text_block","settings":{"enable_image":true,"img_link":"shopify:\/\/collections\/transitional","title":"","text":"","button_label":"Transitional","button_link":"shopify:\/\/collections\/transitional"}},"1630459683e5e4d275-1":{"type":"text_block","settings":{"enable_image":true,"img_link":"shopify:\/\/collections\/classic","title":"","text":"","button_label":"Traditional","button_link":"shopify:\/\/collections\/classic"}}},"block_order":["1630459683e5e4d275-0","1630459683e5e4d275-2","1630459683e5e4d275-1"],"settings":{"title":"Shop by style","align_text":"center"}},"1630460244f4a90adc":{"type":"feature-columns","disabled":true,"blocks":{"1630460244f4a90adc-0":{"type":"text_block","settings":{"enable_image":true,"img_link":"shopify:\/\/collections\/rustic-farmhouse","title":"","text":"","button_label":"Rustic & Farmhouse","button_link":"shopify:\/\/collections\/rustic-farmhouse"}},"1630460244f4a90adc-2":{"type":"text_block","settings":{"enable_image":true,"img_link":"shopify:\/\/collections\/tiffany","title":"","text":"","button_label":"Tiffany","button_link":"shopify:\/\/collections\/tiffany"}},"1630460244f4a90adc-1":{"type":"text_block","settings":{"enable_image":true,"img_link":"shopify:\/\/collections\/craftsman-mission","title":"","text":"","button_label":"Craftsman & Mission","button_link":"shopify:\/\/collections\/craftsman-mission"}}},"block_order":["1630460244f4a90adc-0","1630460244f4a90adc-2","1630460244f4a90adc-1"],"settings":{"title":"","align_text":"center"}},"1630461866d3704d22":{"type":"feature-columns","disabled":true,"blocks":{"0d8dfe81-10fe-4252-97c9-4e836c850f5d":{"type":"text_block","settings":{"enable_image":true,"img_link":"shopify:\/\/collections\/flush-mount","title":"","text":"","button_label":"Shop Flush Mounts","button_link":"shopify:\/\/collections\/flush-mount"}},"d996a519-f1bb-486b-8b8c-aa0905752212":{"type":"text_block","settings":{"enable_image":true,"img_link":"shopify:\/\/collections\/chandeliers","title":"","text":"","button_label":"Shop Chandeliers","button_link":"shopify:\/\/collections\/chandeliers"}},"4281f42c-7643-44d0-83de-5e87f5df0c5c":{"type":"text_block","settings":{"enable_image":true,"img_link":"shopify:\/\/collections\/chandel-air","title":"","text":"","button_label":"Shop Ceiling Fans","button_link":"shopify:\/\/collections\/chandel-air"}},"ed1747ea-eacf-4f7a-b7e2-72d5fa635f11":{"type":"text_block","settings":{"enable_image":true,"img_link":"shopify:\/\/collections\/wall-lights-1","title":"","text":"","button_label":"Shop Wall Lights","button_link":"shopify:\/\/collections\/wall-lights-1"}},"1630461866d3704d22-1":{"type":"text_block","settings":{"enable_image":true,"img_link":"shopify:\/\/collections\/table-floor-lamps","title":"","text":"","button_label":"Shop Table & Floor Lamps","button_link":"shopify:\/\/collections\/table-floor-lamps"}},"710d8cf6-ce41-4b61-acb6-84b09c385e49":{"type":"text_block","settings":{"enable_image":true,"img_link":"shopify:\/\/collections\/pendant","title":"","text":"","button_label":"Shop Pendants","button_link":"shopify:\/\/collections\/pendant"}}},"block_order":["0d8dfe81-10fe-4252-97c9-4e836c850f5d","d996a519-f1bb-486b-8b8c-aa0905752212","4281f42c-7643-44d0-83de-5e87f5df0c5c","ed1747ea-eacf-4f7a-b7e2-72d5fa635f11","1630461866d3704d22-1","710d8cf6-ce41-4b61-acb6-84b09c385e49"],"settings":{"title":"Shop by Categories","align_text":"center"}},"163046224585f07b62":{"type":"image-bar","blocks":{"163046224585f07b62-2":{"type":"image","settings":{"image":"shopify:\/\/shop_images\/Chainsaw_On_Stand_Sculpture_1_1024x1024_2x_1.webp","alignment":"center","link":"shopify:\/\/collections\/phillips-collection","cta_label":"Our Favorite Brand Phillips Collection"}},"163046224585f07b62-1":{"type":"image","settings":{"image":"shopify:\/\/shop_images\/Carved_Leaf_Sculpture.webp","alignment":"center","link":"shopify:\/\/collections\/phillips-collection","cta_label":"Many Styles Handcrafted in the U.S."}},"5d33613e-366e-4c12-a573-6aa7b0a7fbfd":{"type":"image","disabled":true,"settings":{"alignment":"center","link":"shopify:\/\/collections\/meyda-lighting","cta_label":"Handcrafted"}},"163046224585f07b62-0":{"type":"image","disabled":true,"settings":{"alignment":"center","link":"shopify:\/\/collections\/meyda-lighting","cta_label":"in the U.S."}}},"block_order":["163046224585f07b62-2","163046224585f07b62-1","5d33613e-366e-4c12-a573-6aa7b0a7fbfd","163046224585f07b62-0"],"settings":{"section_height":"medium"}},"163959315122cb5630":{"type":"feature-row","disabled":true,"settings":{"img_link":"shopify:\/\/collections\/in-stock-ready-to-ship-1","layout":"left","title":"In Stock & Ready to Ship","text":"<p>Ready to go. Grab them before it's gone. <\/p>","button_label":"Shop Now","button_link":"shopify:\/\/collections\/in-stock-ready-to-ship-1"}},"163959331835dfb0d4":{"type":"feature-row","settings":{"image":"shopify:\/\/shop_images\/Giuliette_Table_Sculpture_1_1024x1024_2x_3562ec0f-3bb0-4545-b12e-153178dc98ef.webp","img_link":"shopify:\/\/collections\/sculptures-objects","layout":"right","title":"Explore Sculptures & Objects","text":"<p><\/p><p>Check out top-trending styles from all our favorite brands. Find that perfect finishing touch for every room of the house, inside and out.<\/p><p><br\/><\/p>","button_label":"Shop Sculptures & Objects","button_link":"shopify:\/\/collections\/sculptures-objects"}},"164315650004b44065":{"type":"collection","disabled":true,"settings":{"title":"Shop Phillips Collection","collection":"phillips-collection","grid":3,"rows":2,"show_vendor":false,"show_view_all":false}},"16433316116d0bf05d":{"type":"custom-content","blocks":{"69ac4fa2-598d-49d3-93aa-3e69aebfef0b":{"type":"image","settings":{"image":"shopify:\/\/shop_images\/CGN009-SET_9_1024x1024_2x_c6be39e2-7057-4d48-a7be-407a96f79f04.webp","image_link":"shopify:\/\/collections\/in-stock-ready-to-ship","width":"100%","alignment":"center"}}},"block_order":["69ac4fa2-598d-49d3-93aa-3e69aebfef0b"],"settings":{"title":"In Stock & Ready to Ship"}},"164347987857fdb096":{"type":"collection","disabled":true,"settings":{"title":"Shop Eurofase 2022 New Collection","collection":"eurofase-2022-new-styles","grid":3,"rows":3,"show_vendor":false,"show_view_all":true}},"collection-template-boost-pfs-original":{"type":"collection-template-boost-pfs-original","settings":{"layout":"grid","grid":3,"rows":8,"show_collection_image":true,"show_vendor":true,"sort_enable":true,"tags_enable":true,"show_sidebar":false}},"16511076502afa3bcb":{"type":"collection","settings":{"title":"Shop Global Views","collection":"global-views","grid":3,"rows":3,"show_vendor":false,"show_view_all":true}}},"content_for_index":["163959315122cb5630","163959331835dfb0d4","1630451735ca4628bf","1630435785949ce0c8","16511076502afa3bcb","164315650004b44065","16304489401171d8f7","1630461866d3704d22","1620693651b611cdc4","163046224585f07b62","16433316116d0bf05d","164347987857fdb096","1630459683e5e4d275","1630460244f4a90adc","1566322970694","16304588797c539b18","1566323001256"],"blocks":{"2950567246721570496":{"type":"shopify:\/\/apps\/tabs-by-station\/blocks\/global_embed_block\/19980fb9-f2ca-4ada-ad36-c0364c3318b8","disabled":false,"settings":{"init_type":"fallback","init_selector":"","replace_contents":false,"init_timing":"immediate","custom_script":"","custom_style":""}},"9901917232353999808":{"type":"shopify:\/\/apps\/buddha-mega-menu-navigation\/blocks\/megamenu\/dbb4ce56-bf86-4830-9b3d-16efbef51c6f","disabled":false,"settings":{}},"13070091535480640111":{"type":"shopify:\/\/apps\/all-announcement-bars-banner\/blocks\/app-embed\/b783956d-47a9-4434-91ad-4ec960bd74b0","disabled":false,"settings":{}},"5038451100865107764":{"type":"shopify:\/\/apps\/product-filter-search\/blocks\/boost-pfs\/7fc998ae-a150-4367-bab8-505d8a4503f7","disabled":false,"settings":{}},"16114465257489415219":{"type":"shopify:\/\/apps\/product-filter-search\/blocks\/boost-pfs-style\/7fc998ae-a150-4367-bab8-505d8a4503f7","disabled":false,"settings":{}}}},"presets":{"Default":{"color_text":"#3d4246","color_body_text":"#69727b","color_sale_text":"#557B97","color_borders":"#e8e9eb","color_button":"#557B97","color_button_text":"#fff","color_small_button_text_border":"#3d4246","color_text_field":"#fff","color_text_field_text":"#000","color_text_field_border":"#949494","color_image_overlay_text":"#fff","color_image_overlay":"#3d4246","image_overlay_opacity":40,"color_body_bg":"#fff","type_header_font":"work_sans_n6","type_header_base_size":26,"type_base_font":"work_sans_n4","type_base_size":16,"type_bold_product_titles":false,"share_facebook":true,"share_twitter":true,"share_pinterest":true,"sections":{"header":{"type":"header","settings":{}},"hero":{"type":"hero","settings":{"text_size":"large"}},"slideshow":{"type":"slideshow","blocks":{"slideshow-0":{"type":"image","settings":{}},"slideshow-1":{"type":"image","settings":{}}},"block_order":["slideshow-0","slideshow-1"],"settings":{}},"featured-collections":{"type":"collection","settings":{"collection":"frontpage"}},"feature-row":{"type":"feature-row","settings":{}},"footer":{"type":"footer","blocks":{"link_list":{"type":"link_list","settings":{}},"text":{"type":"text","settings":{}},"newsletter":{"type":"newsletter","settings":{}}},"block_order":["link_list","text","newsletter"],"settings":{}}},"content_for_index":["hero","featured-collections","feature-row","slideshow"]},"Light":{"color_text":"#162950","color_body_text":"#6d6d6d","color_sale_text":"#DA2F0C","color_borders":"#e4e4e4","color_button":"#DA2F0C","color_button_text":"#ffffff","color_small_button_text_border":"#162950","color_text_field":"#ffffff","color_text_field_text":"#162950","color_text_field_border":"#909090","color_image_overlay_text":"#ffffff","color_image_overlay":"#3d3d3d","image_overlay_opacity":40,"color_body_bg":"#f8f8f8","type_header_font":"muli_n6","type_header_base_size":26,"type_base_font":"muli_n4","type_base_size":18,"type_bold_product_titles":true,"share_facebook":true,"share_twitter":true,"share_pinterest":true,"social_twitter_link":"","social_facebook_link":"","social_pinterest_link":"","social_instagram_link":"","social_tumblr_link":"","social_snapchat_link":"","social_youtube_link":"","social_vimeo_link":"","favicon":"","checkout_header_image":"","checkout_logo_image":"","checkout_logo_position":"left","checkout_logo_size":"small","checkout_body_background_image":"","checkout_body_background_color":"#ffffff","checkout_input_background_color_mode":"white","checkout_sidebar_background_image":"","checkout_sidebar_background_color":"#e8f3f6","checkout_heading_font":"Roboto","checkout_body_font":"Source Sans Pro","checkout_accent_color":"#1990c6","checkout_button_color":"#23314e","checkout_error_color":"#ff6d6d","sections":{"header":{"type":"header","settings":{"logo":"","logo_max_width":135,"main_linklist":"main-menu","message":true,"color_bg":"#162950","color_text":"#ffffff"}},"hero":{"type":"hero","settings":{"alignment":"center","hero_size":"x-large","text_size":"large"}},"slideshow":{"type":"slideshow","blocks":{"slideshow-0":{"type":"image","settings":{"image":"","alignment":"center center"}},"1492095993817":{"type":"image","settings":{"image":"","alignment":"center"}}},"block_order":["slideshow-0","1492095993817"],"settings":{"slideshow_height":"medium","text_size":"medium","autorotate":false,"autorotate_speed":5}},"featured-collections":{"type":"collection","settings":{"grid":3,"rows":1,"show_vendor":true,"show_view_all":true}},"product-template":{"type":"product-template","settings":{"image_size":"medium","show_quantity_selector":false,"show_variant_labels":true,"show_vendor":false,"enable_zoom":true,"show_share_buttons":true}},"collection-template":{"type":"collection-template","settings":{"layout":"grid","grid":2,"rows":2,"show_collection_image":true,"show_vendor":false,"sort_enable":true,"tags_enable":true}},"1492033877875":{"type":"quotes","blocks":{"1492033877875-0":{"type":"quote","settings":{}}},"block_order":["1492033877875-0"],"settings":{}},"1492033924902":{"type":"custom-content","blocks":{"1492033924902-0":{"type":"text","settings":{"width":"100%","alignment":"center","align_text":"center"}}},"block_order":["1492033924902-0"],"settings":{"title":""}},"1492096252560":{"type":"collection-list","blocks":{"1492096252560-0":{"type":"featured_collection","settings":{}},"1492096252560-1":{"type":"featured_collection","settings":{}},"1492096252560-2":{"type":"featured_collection","settings":{}}},"block_order":["1492096252560-0","1492096252560-1","1492096252560-2"],"settings":{"grid":3}},"blog-template":{"type":"blog-template","settings":{"layout":"grid","blog_show_author":true,"blog_show_date":false}},"article-template":{"type":"article-template","settings":{"blog_show_author":true,"blog_show_date":true,"show_share_buttons":true}},"cart-template":{"type":"cart-template","settings":{"cart_notes_enable":false}},"footer":{"type":"footer","blocks":{"link_list":{"type":"link_list","settings":{}},"text":{"type":"text","settings":{}},"newsletter":{"type":"newsletter","settings":{}}},"block_order":["link_list","text","newsletter"],"settings":{}}},"content_for_index":["hero","featured-collections","slideshow","1492033924902","1492096252560","1492033877875"]}}}